"";"study";"condition_arm1";"condition_arm2";"instrument";"time_weeks";"mean_arm1";"mean_arm2";"sd_arm1";"sd_arm2";"n_arm1";"n_arm2";"rob";"year";"comorbid_mental";"format";"n_sessions";"country";"age_group";"mean_age";"percent_women";"recruitment";"diagnosis";"n_randomized";"prop_agoraphobics";"diagnosis_by";"pharmacotherapy";"itt";"tr_integrity";"manual";"multi_arm1";"multi_arm2";"outcome_type";"time";".id";".g";".g_se";".log_rr";".log_rr_se";".event_arm1";".event_arm2";".totaln_arm1";".totaln_arm2";"full_ref"
"1";"Addis, 2004";"CBT";"TAU/NT";"PDSS";22;8,4;8,3;5,8;6,4;38;42;"low";2004;"no";"face-to-face";13;"other";"adults";39,9;70;"community";"PD";80;73;"DSM-III-TR";"yes";"yes";"yes";"yes";NA;NA;"msd";"post";"Addis_2004_CBT_TAU/NT_PDSS_22_NA_NA_msd_post";0,0161750627495288;0,223890554729454;NA;NA;NA;NA;NA;NA;"Addis ME, Hatgis C, Krasnow AD, et al. Effectiveness of cognitive--behavioral treatment for panic disorder versus treatment as usual in a managed care setting. Journal of consulting and clinical psychology 2004;72(4):625-35."
"2";"Allen, 2016";"CBT";"WL";"PDSS-SR";8;6,36;11,75;5,2;5,57;16;31;"low";2016;"no";"self-help";5;"other";"adults";38;84;"community";"PD";67;NA;"DSM-III-TR";"yes";"yes";"no";"yes";NA;NA;"msd";"post";"Allen_2016_CBT_WL_PDSS-SR_8_NA_NA_msd_post";-0,972512153444725;0,324292277601381;NA;NA;NA;NA;NA;NA;"Allen AR, Newby JM, Mackenzie A, Smith J, Boulton M, Loughnan SA, Andrews G. Internet cognitive-behavioural treatment for panic disorder: randomised controlled trial and evidence of effectiveness in primary care. BJPsych Open. 2016 Mar 24;2(2):154-162."
"3";"Bakker, 1999";"CT";"PL";"CGI-S";12;3,6;3,8;1,4;1,4;35;32;"some concerns";1999;"no";"face-to-face";12;"EU&UK";"adults";34;64;"clinical";"PD";131;NA;"DSM-III";"yes";"yes";"yes";"yes";NA;NA;"msd";"post";"Bakker_1999_CT_PL_CGI-S_12_NA_NA_msd_post";-0,141202426916712;0,244895341518145;NA;NA;NA;NA;NA;NA;"Bakker A, van Dyck R, Spinhoven P, et al. Paroxetine, clomipramine, and cognitive therapy in the treatment of panic disorder. The Journal of clinical psychiatry 1999;60(12):831-8."
"4";"Barlow, 1989";"CBT";"WL";"FQ";NA;2,45;3,2;1,6;1,9;31;15;"high";1989;"no";"face-to-face";15;"other";"adults";31,7;77;"mixed";"PD w/o A";71;0;"DSM-III";"yes";"no";"yes";"yes";"CBT";"WL";"msd";"post";"Barlow_1989_CBT_WL_FQ_NA_CBT_WL_msd_post";-0,43330687233944;0,317863739274094;NA;NA;NA;NA;NA;NA;"Barlow DH, Craske MG, Cerny JA, Klosko JS. Behavioral treatment of panic disorder. Behavior Therapy 1989;20(2): 261–82."
"5";"Barlow, 1989";"PT";"WL";"FQ";NA;2,3;3,2;0,8;1,9;10;15;"high";1989;"no";"face-to-face";15;"other";"adults";31,7;77;"mixed";"PD w/o A";71;0;"DSM-III";"yes";"no";"yes";"yes";"PT";"WL";"msd";"post";"Barlow_1989_PT_WL_FQ_NA_PT_WL_msd_post";-0,556280081810442;0,416274889821373;NA;NA;NA;NA;NA;NA;"Barlow DH, Craske MG, Cerny JA, Klosko JS. Behavioral treatment of panic disorder. Behavior Therapy 1989;20(2): 261–82."
"6";"Barlow, 2000";"CBT";"PL";"PDSS";12;1,14;1,52;0,74;0,9;77;24;"some concerns";2000;"no";"face-to-face";11;"other";"adults";36;62,5;"community";"PD";184;NA;"DSM-III";"yes";"yes";"no";"yes";NA;NA;"msd";"post";"Barlow_2000_CBT_PL_PDSS_12_NA_NA_msd_post";-0,483415186554789;0,236280209040239;NA;NA;NA;NA;NA;NA;"Barlow DH, Gorman JM, Shear MK, et al. Cognitive-behavioral therapy, imipramine, or their combination for panic disorder: A randomized controlled trial. Jama 2000;283(19):2529-36."
"7";"Beck, 1992";"CBT";"WL";"panic attack/week clinician rated";4;1,4;3,2;1,9;4,3;17;16;"high";1992;"no";"face-to-face";12;"other";"adults";NA;NA;"clinical";"PD";33;18;"DSM-IV";"yes";"no";"no";"yes";NA;NA;"msd";"post";"Beck_1992_CBT_WL_panicattack/weekclinicianrated_4_NA_NA_msd_post";-0,534116251907538;0,354774264986061;NA;NA;NA;NA;NA;NA;"Beck AT, Sokol L, Clark DA, et al. A crossover study of focused cognitive therapy for panic disorder. The American journal of psychiatry 1992;149(6):778-83."
"8";"Beck, 1994";"CT";"TAU/NT";"panic frequency";10;1,12;3,35;2,87;5,59;17;22;"some concerns";1994;"no";"face-to-face";10;"other";"adults";37,5;74;"community";"PD";64;NA;"DSM-IV";"no";"no";"no";"yes";"CT";"TAU/NT";"msd";"post";"Beck_1994_CT_TAU/NT_panicfrequency_10_CT_TAU/NT_msd_post";-0,473355727006793;0,32752351262412;NA;NA;NA;NA;NA;NA;"Beck JG, Stanley MA, Baldwin LE, et al. Comparison of cognitive therapy and relaxation training for panic disorder. Journal of consulting and clinical psychology 1994;62(4):818-26."
"9";"Beck, 1994";"PT";"TAU/NT";"panic frequency";10;1,68;3,35;2,06;5,59;19;22;"some concerns";1994;"no";"face-to-face";10;"other";"adults";37,5;74;"community";"PD";64;NA;"DSM-IV";"no";"no";"no";"yes";"PT";"TAU/NT";"msd";"post";"Beck_1994_PT_TAU/NT_panicfrequency_10_PT_TAU/NT_msd_post";-0,377858084765037;0,316064412902657;NA;NA;NA;NA;NA;NA;"Beck JG, Stanley MA, Baldwin LE, et al. Comparison of cognitive therapy and relaxation training for panic disorder. Journal of consulting and clinical psychology 1994;62(4):818-26."
"10";"Berger, 2017";"CBT";"WL";"ACQ";9;1,88;2,18;0,69;0,7;48;41;"low";2017;"no";"self-help";6;"EU&UK";"adults";NA;NA;"mixed";"PD";89;NA;"DSM-III-TR";"yes";"yes";"no";"yes";NA;NA;"msd";"post";"Berger_2017_CBT_WL_ACQ_9_NA_NA_msd_post";-0,428159615807743;0,215108135861691;NA;NA;NA;NA;NA;NA;"Berger, T., et al. (2017). ""Effects of a transdiagnostic unguided Internet intervention ('velibra') for anxiety disorders in primary care: results of a randomized controlled trial."" Psychol Med 47(1): 67-80."
"11";"Black, 1993";"CT";"PL";"panic attack severity score";8;6,8;15,3;8,3;14,8;25;25;"some concerns";1993;"no";"face-to-face";8;"other";"adults";37;70,6;"mixed";"PD";75;83;"DSM-III";"yes";"yes";"yes";"yes";NA;NA;"msd";"post";"Black_1993_CT_PL_panicattackseverityscore_8_NA_NA_msd_post";-0,697292424431656;0,291579458990309;NA;NA;NA;NA;NA;NA;"Black DW, Wesner R, Bowers W, et al. A comparison of fluvoxamine, cognitive therapy, and placebo in the treatment of panic disorder. Archives of general psychiatry 1993;50(1):44-50."
"12";"Botella, 2007";"BT";"WL";"PDSS";NA;0,82;1,81;0,59;0,53;24;12;"some concerns";2004;"no";"face-to-face";9;"EU&UK";"adults";34,7;72,5;"clinical";"PD";36;82,9;"DSM-III-TR";"yes";"no";"no";"yes";NA;NA;"msd";"post";"Botella_2007_BT_WL_PDSS_NA_NA_NA_msd_post";-1,69444578509553;0,408301634973599;NA;NA;NA;NA;NA;NA;"Botella, C. García-Palacios, A. Villa, H. Baños, R. M. Quero, S. Alcañiz, M. Riva, G. Virtual reality exposure in the treatment of panic disorder and agoraphobia: A controlled study. Clinical Psychology & Psychotherapy 2007. 14(4)164-75."
"13";"Carlbring, 2006";"CBT";"WL";"ACQ";NA;21,6;33,9;6,3;9,9;30;30;"some concerns";2006;"no";"self-help";10;"EU&UK";"adults";36,7;60;"community";"PD w/o A";60;NA;"DSM-III-TR";"yes";"yes";"no";"yes";NA;NA;"msd";"post";"Carlbring_2006_CBT_WL_ACQ_NA_NA_NA_msd_post";-1,46310672416219;0,291510228821606;NA;NA;NA;NA;NA;NA;"Carlbring P, Bohman S, Brunt S, et al. Remote treatment of panic disorder: a randomized trial of internet-based cognitive behavior therapy supplemented with telephone calls. The American journal of psychiatry 2006;163(12):2119-25."
"14";"Carlbring, 2001";"CBT";"WL";"ACQ";NA;22,43;30,9;6;9,6;21;20;"high";2001;"no";"self-help";6;"EU&UK";"adults";34;70,5;"community";"PD";41;NA;"DSM-III-TR";"yes";"yes";"no";"yes";NA;NA;"msd";"post";"Carlbring_2001_CBT_WL_ACQ_NA_NA_NA_msd_post";-1,04348861683655;0,333807236077246;NA;NA;NA;NA;NA;NA;"Carlbring P, Westling BE, Ljungstrand P, et al. Treatment of panic disorder via the Internet: A randomized trial of a self-help program. Behavior Therapy 2001;32(4):751-64."
"15";"Carter, 2003";"CBT";"WL";"ASI";11;20,71;38;10,7;6,87;14;11;"high";2003;"no";"face-to-face";11;"other";"adults";41;100;"community";"PD w/ A";32;100;"DSM-III-TR";"no";"no";"no";"yes";NA;NA;"msd";"post";"Carter_2003_CBT_WL_ASI_11_NA_NA_msd_post";-1,81106734961421;0,482167895612385;NA;NA;NA;NA;NA;NA;"Carter MM, Sbrocco T, Gore KL, et al. Cognitive-behavioral group therapy versus a wait-list control in the treatment of African American women with panic disorder. Cognitive therapy and research 2003;27(5):505‐18."
"16";"Ciuca, 2018";"CBT";"WL";"PDSS-SR";NA;6,35;12,27;5,88;5,79;73;38;"some concerns";2018;"no";"self-help";16;"EU&UK";"adults";35,2;68;"community";"PD";111;52;"DSM-III-TR";"yes";"yes";"no";"yes";NA;NA;"msd";"post";"Ciuca_2018_CBT_WL_PDSS-SR_NA_NA_NA_msd_post";-1,00505463691246;0,211253384653664;NA;NA;NA;NA;NA;NA;"Ciuca AM, Berger T, Crişan LG, et al. Internet-based treatment for panic disorder: A three-arm randomized controlled trial comparing guided (via real-time video sessions) with unguided self-help treatment and a waitlist control. PAXPD study results. Journal of Anxiety Disorders 2018;56:43-55."
"17";"Clark, 1999";"CBT";"WL";"ACQ";NA;18,3;32,6;4,97;8,6;28;14;"high";1999;"no";"face-to-face";8;"EU&UK";"adults";34;62;"clinical";"PD";43;85;"DSM-III";"yes";"no";"no";"yes";NA;NA;"msd";"post";"Clark_1999_CBT_WL_ACQ_NA_NA_NA_msd_post";-2,19893497466761;0,40858461975107;NA;NA;NA;NA;NA;NA;"Clark DM, Salkovskis PM, Hackmann A, et al. Brief cognitive therapy for panic disorder: a randomized controlled trial. Journal of consulting and clinical psychology 1999;67(4):583-9."
"18";"Craske, 2005";"CBT";"WL";"ASI";NA;17,2;28,8;11,5;10,5;24;13;"high";2005;"no";"face-to-face";11;"other";"adults";35,12;51;"mixed";"PD";43;29,2;"DSM-III-TR";"yes";"no";"yes";"yes";NA;NA;"msd";"post";"Craske_2005_CBT_WL_ASI_NA_NA_NA_msd_post";-1,01633394891842;0,364925927084929;NA;NA;NA;NA;NA;NA;"Craske MG, Lang AJ, Aikins D, et al. Cognitive behavioral therapy for nocturnal panic. Behavior therapy 2005;36(1):43‐54."
"19";"Craske, 1995";"CBT";"SP";"ASI";NA;24,1;35,5;12,6;12,8;16;13;"high";1995;"no";"face-to-face";4;"other";"adults";36,1;66,6;"community";"PD";30;65;"DSM-IV";"yes";"no";"yes";"yes";NA;NA;"msd";"post";"Craske_1995_CBT_SP_ASI_NA_NA_NA_msd_post";-0,873207583296427;0,391585070423552;NA;NA;NA;NA;NA;NA;"Craske MG, Maidenberg E, Bystritsky A. Brief cognitive-behavioral versus nondirective therapy for panic disorder. Journal of behavior therapy and experimental psychiatry 1995;26(2):113-20."
"20";"Craske, 2011";"CBT";"TAU/NT";"PDSS-SR";24;6,05;8,05;5,79;5,76;111;112;"high";2011;"no";"face-to-face";8;"other";"adults";NA;NA;"clinical";"PD w/o A";262;NA;"DSM-III-TR";"yes";"yes";"yes";"yes";NA;NA;"msd";"post";"Craske_2011_CBT_TAU/NT_PDSS-SR_24_NA_NA_msd_post";-0,345146612240309;0,134931477939414;NA;NA;NA;NA;NA;NA;"Craske, M. G., et al. (2011). ""Disorder-specific impact of coordinated anxiety learning and management treatment for anxiety disorders in primary care."" Arch Gen Psychiatry 68(4): 378-388."
"21";"de Beurs, 1995";"CT";"PL";"agoraphobia composite";NA;5,83;5,71;1,89;1,28;20;19;"high";1995;"no";"face-to-face";12;"EU&UK";"adults";38,8;75;"mixed";"PD w/ A";75;100;"DSM-III";"yes";"no";"yes";"yes";NA;NA;"msd";"post";"deBeurs_1995_CT_PL_agoraphobiacomposite_NA_NA_NA_msd_post";0,0724660400093454;0,320471118930754;NA;NA;NA;NA;NA;NA;"de Beurs E, van Balkom AJ, Lange A, et al. Treatment of panic disorder with agoraphobia: comparison of fluvoxamine, placebo, and psychological panic management combined with exposure and of exposure in vivo alone. The American journal of psychiatry 1995;152(5):683-91."
"22";"Erickson, 2007";"CBT";"WL";"BAI";NA;15,7;19,5;8,2;15;11;10;"high";2007;"no";"face-to-face";11;"other";"adults";NA;NA;"clinical";"PD";36;NA;"DSM-III-TR";"yes";"no";"no";"yes";NA;NA;"msd";"post";"Erickson_2007_CBT_WL_BAI_NA_NA_NA_msd_post";-0,306167405217791;0,439694010989942;NA;NA;NA;NA;NA;NA;"Erickson, D. H., et al. (2007). ""A cognitive-behavioral group for patients with various anxiety disorders."" Psychiatr Serv 58(9): 1205-1211."
"23";"Feske, 1997";"EMDR";"WL";"ACQ";NA;2,19;2,65;0,86;1,17;15;12;"high";1997;"no";"face-to-face";6;"other";"adults";35,2;72;"clinical";"PD w/ A";29;95;"DSM-III";"yes";"no";"yes";"yes";NA;NA;"msd";"post";"Feske_1997_EMDR_WL_ACQ_NA_NA_NA_msd_post";-0,442427269780045;0,392243473880485;NA;NA;NA;NA;NA;NA;"Feske U, Goldstein AJ. Eye movement desensitization and reprocessing treatment for panic disorder: a controlled outcome and partial dismantling study. Journal of consulting and clinical psychology 1997;65(6):1026-35."
"24";"Gensichen, 2020";"CBT";"TAU/NT";"MI";24;1,96;2,17;0,92;0,97;230;189;"low";2020;"no";"face-to-face";4;"EU&UK";"adults";46;74;"clinical";"PD";419;75;"ICD-10";"yes";"yes";"yes";"yes";NA;NA;"msd";"post";"Gensichen_2020_CBT_TAU/NT_MI_24_NA_NA_msd_post";-0,22232335214389;0,0984785618886118;NA;NA;NA;NA;NA;NA;"Gensichen, J., et al. (2019). ""Panic Disorder in Primary Care: The Effects of a Team-Based Intervention.""  116(10): 159-166."
"25";"Gloster, 2015";"3W";"WL";"CGI";NA;3,5;4,1;1;0,7;41;10;"some concerns";2015;"no";"face-to-face";8;"EU&UK";"adults";36,9;69,8;NA;"PD w/ A";51;100;"other";"no";"yes";"yes";"yes";NA;NA;"msd";"post";"Gloster_2015_3W_WL_CGI_NA_NA_NA_msd_post";-0,62054820134337;0,358168170520138;NA;NA;NA;NA;NA;NA;"Gloster AT, Sonntag R, Hoyer J, et al. Treating treatment-resistant patients with panic disorder and agoraphobia using psychotherapy: A randomized controlled switching trial. Psychotherapy and Psychosomatics 2015;84(2):100-09."
"26";"Gloster, 2011";"CBT";"WL";"CGI";NA;-1,56;-0,4;1,2;1;301;68;"low";2011;"no";"face-to-face";12;"EU&UK";"adults";35,5;77;"clinical";"PD w/o A";369;100;"DSM-III-TR";"yes";"yes";"yes";"yes";NA;NA;"msd";"post";"Gloster_2011_CBT_WL_CGI_NA_NA_NA_msd_post";-0,992777009738284;0,139173022679421;NA;NA;NA;NA;NA;NA;"Gloster AT, Wittchen HU, Einsle F, et al. Psychological treatment for panic disorder with agoraphobia: a randomized controlled trial to examine the role of therapist-guided exposure in situ in CBT. Journal of consulting and clinical psychology 2011;79(3):406-20."
"27";"Goldstein, 2000";"EMDR";"WL";"PDSS";NA;1,51;2,01;0,68;0,7;14;13;"some concerns";2000;"no";"face-to-face";6;"other";"adults";36,16;80,4;"clinical";"PD w/ A";46;100;"DSM-III-TR";"yes";"yes";"yes";"yes";"EMDR";"WL";"msd";"post";"Goldstein_2000_EMDR_WL_PDSS_NA_EMDR_WL_msd_post";-0,703012756050895;0,397598992404519;NA;NA;NA;NA;NA;NA;"Goldstein AJ, De Beurs E, Chambless DL, Wilson KA. EMDR for panic disorder with agoraphobia: comparison with waiting list and credible attention-placebo control conditions. Journal of Consulting and Clinical Psychology 2000;68(6):947–56."
"28";"Goldstein, 2000";"EMDR";"APP";"PDSS";NA;1,51;NA;0,68;NA;14;NA;"some concerns";2000;"no";"face-to-face";6;"other";"adults";36,16;80,4;"clinical";"PD w/ A";46;100;"DSM-III-TR";"yes";"yes";"yes";"yes";"EMDR";"APP";"msd";"post";"Goldstein_2000_EMDR_APP_PDSS_NA_EMDR_APP_msd_post";NA;NA;NA;NA;NA;NA;NA;NA;"Goldstein AJ, De Beurs E, Chambless DL, Wilson KA. EMDR for panic disorder with agoraphobia: comparison with waiting list and credible attention-placebo control conditions. Journal of Consulting and Clinical Psychology 2000;68(6):947–56."
"29";"Gould, 1993";"CBT";"WL";"ASI";4;39,02;39,6;13,4;14,4;20;11;"high";1993;"no";"self-help";8;"other";"adults";35,7;65;"community";"PD w/o A";33;94;"DSM-III";"yes";"no";"yes";"yes";NA;NA;"msd";"post";"Gould_1993_CBT_WL_ASI_4_NA_NA_msd_post";-0,0410723316007324;0,375416803951217;NA;NA;NA;NA;NA;NA;"Gould RA, Clum GA, Shapiro D. The use of bibliotherapy in the treatment of panic: A preliminary investigation. Behavior Therapy 1993;24(2):241-52."
"30";"Griegel, 1995";"PT";"WL";"ASI";NA;30,1;36;12,57;7,62;20;10;"high";1995;"no";"face-to-face";3;"other";"adults";36;NA;NA;"PD";37;86;"DSM-III";"yes";"no";"no";"no";NA;NA;"msd";"post";"Griegel_1995_PT_WL_ASI_NA_NA_NA_msd_post";-0,51164932632354;0,393203311292923;NA;NA;NA;NA;NA;NA;"Griegel LE. Breathing retraining in panic disorder: physiological mechanisms or perceived controllability. Dissertation Abstracts International: Section B: The Sciences and Engineering 1995;55(9):4120."
"31";"Hazen 1996";"CBT";"WL";"ASI";NA;22,71;35,1;13,17;11,6;79;27;"high";1996;"no";NA;13;"other";"adults";37,12;73,5;"clinical";"PD";106;92,4;"DSM-III";"yes";"no";"no";"yes";NA;NA;"msd";"post";"Hazen1996_CBT_WL_ASI_NA_NA_NA_msd_post";-0,961303900828326;0,232632678565655;NA;NA;NA;NA;NA;NA;"Hazen AL,Walker JR, Eldridge GD. Anxiety sensitivity and treatment outcome in panic disorder. Anxiety 1996;2(1):34–9."
"32";"Hendriks, 2010";"CBT";"WL";"ACQ";14;1,4;1,7;0,4;0,6;20;12;"some concerns";2010;"no";"face-to-face";14;"EU&UK";"older adults";68,6;30;"clinical";"PD";49;48;"DSM-III-TR";"yes";"yes";"no";"yes";NA;NA;"msd";"post";"Hendriks_2010_CBT_WL_ACQ_14_NA_NA_msd_post";-0,605402053742368;0,373309682499154;NA;NA;NA;NA;NA;NA;"Hendriks GJ, Keijsers GP, Kampman M, et al. A randomized controlled study of paroxetine and cognitive-behavioural therapy for late-life panic disorder. Acta psychiatrica Scandinavica 2010;122(1):11-9."
"33";"Ito, 2001";"BT";"WL";"CGI";10;2,54;4,4;0,98;0,8;57;18;"high";2001;"no";"face-to-face";7;"EU&UK";"adults";37;64;"community";"PD w/ A";80;100;"DSM-III-TR";"yes";"yes";"no";"yes";NA;NA;"msd";"post";"Ito_2001_BT_WL_CGI_10_NA_NA_msd_post";-1,95590592889717;0,314860759886875;NA;NA;NA;NA;NA;NA;"Ito LM, de Araujo LA, Tess VL, et al. Self-exposure therapy for panic disorder with agoraphobia: randomised controlled study of external v. interoceptive self-exposure. The British journal of psychiatry : the journal of mental science 2001;178:331-6."
"34";"Kenardy, 2003";"CBT";"WL";"ACQ";NA;1,71;2,59;0,65;0,82;122;41;"high";2003;"no";"face-to-face";9;"other";"adults";36,8;75,5;"clinical";"PD";186;76,1;"DSM-III-TR";"yes";"yes";"no";"yes";NA;NA;"msd";"post";"Kenardy_2003_CBT_WL_ACQ_NA_NA_NA_msd_post";-1,25824673786154;0,193620752717733;NA;NA;NA;NA;NA;NA;"Kenardy JA, Dow MG, Johnston DW, et al. A comparison of delivery methods of cognitive-behavioral therapy for panic disorder: an international multicenter trial. Journal of consulting and clinical psychology 2003;71(6):1068-75."
"35";"Klein, 2001";"CBT";"TAU/NT";"ASI";NA;NA;NA;NA;NA;NA;NA;"high";2001;"no";"self-help";NA;"other";"adults";40;86,3;"community";"PD w/o A";23;NA;"DSM-III-TR";"yes";"no";"no";"yes";NA;NA;"msd";"post";"Klein_2001_CBT_TAU/NT_ASI_NA_NA_NA_msd_post";NA;NA;NA;NA;NA;NA;NA;NA;"Klein B, Richards JC. A brief internet-based treatment for panic disorder. Behavioural and Cognitive Psychotherapy 2001;29(1):113-17."
"36";"Klein, 2006";"CBT";"TAU/NT";"PDSS";NA;7,78;19,78;7,17;4,4;37;18;"high";2006;"no";"self-help";6;"other";"adults";NA;80;"community";"PD";55;82;"DSM-III-TR";"yes";"yes";"no";"yes";NA;NA;"msd";"post";"Klein_2006_CBT_TAU/NT_PDSS_NA_NA_NA_msd_post";-1,84453844658277;0,338247594088611;NA;NA;NA;NA;NA;NA;"Klein B, Richards JC, Austin DW. Efficacy of internet therapy for panic disorder. Journal of behavior therapy and experimental psychiatry 2006;37(3):213-38."
"37";"Klosko, 1990";"CBT";"WL";"Intensity of somatic symptoms";NA;0,56;1,15;0,52;0,39;15;15;"high";1990;"no";"face-to-face";15;"other";"adults";37;74;"mixed";"PD";69;79;"DSM-III";"yes";"no";"yes";"yes";"CBT";"WL";"msd";"post";"Klosko_1990_CBT_WL_Intensityofsomaticsymptoms_NA_CBT_WL_msd_post";-1,24897696735154;0,40099481814789;NA;NA;NA;NA;NA;NA;"Klosko JS, Barlow DH, Tassinari R, Cerny JA. A comparison of alprazolam and behavior therapy in treatment of panic disorder. Journal of Consulting and Clinical Psychology 1990; 58(1):77–84."
"38";"Klosko, 1990";"CBT";"PL";"Intensity of somatic symptoms";NA;0,56;0,89;0,52;0,46;15;11;"high";1990;"no";"face-to-face";15;"other";"adults";37;74;"mixed";"PD";69;79;"DSM-III";"yes";"no";"yes";"yes";"CBT";"PL";"msd";"post";"Klosko_1990_CBT_PL_Intensityofsomaticsymptoms_NA_CBT_PL_msd_post";-0,64446434879918;0,407544295524545;NA;NA;NA;NA;NA;NA;"Klosko JS, Barlow DH, Tassinari R, Cerny JA. A comparison of alprazolam and behavior therapy in treatment of panic disorder. Journal of Consulting and Clinical Psychology 1990; 58(1):77–84."
"39";"Koszycki, 2011";"CBT";"TAU/NT";"ACQ";16;20,12;23,67;5,6;9,4;44;43;"some concerns";2011;"no";"self-help";12;"other";"adults";36,16;64,7;"mixed";"PD";190;71;"DSM-III-TR";"yes";"yes";"no";"yes";NA;NA;"msd";"post";"Koszycki_2011_CBT_TAU/NT_ACQ_16_NA_NA_msd_post";-0,456057185938191;0,217255290985082;NA;NA;NA;NA;NA;NA;"Koszycki D, Taljaard M, Segal Z, et al. A randomized trial of sertraline, self-administered cognitive behavior therapy, and their combination for panic disorder. Psychological medicine 2011;41(2):373-83."
"40";"Lidren, 1994";"CBT";"WL";"MI for agoraphobia";NA;40,66;58,42;22,46;27,13;24;12;"high";1994;"no";NA;8;"other";"adults";33,7;69,5;"mixed";"PD";36;83,3;"DSM-III";"yes";"no";"yes";"yes";NA;NA;"msd";"post";"Lidren_1994_CBT_WL_MIforagoraphobia_NA_NA_NA_msd_post";-0,721444252206821;0,364089597432175;NA;NA;NA;NA;NA;NA;"Lidren DM, Watkins PL, Gould RA, et al. A comparison of bibliotherapy and group therapy in the treatment of panic disorder. Journal of consulting and clinical psychology 1994;62(4):865-9."
"41";"Loerch, 1999";"CBT";"TAU/NT";"MI";NA;1,86;2,96;0,74;0,83;14;11;"high";1999;"no";"face-to-face";8;"EU&UK";"adults";35,13;74,5;"unknown";"PD w/ A";41;100;"DSM-III";"yes";"yes";"no";"yes";NA;NA;"msd";"post";"Loerch_1999_CBT_TAU/NT_MI_NA_NA_NA_msd_post";-1,36305354562473;0,449524934926542;NA;NA;NA;NA;NA;NA;"Loerch B, Graf-Morgenstern M, Hautzinger M, et al. Randomised placebo-controlled trial of moclobemide, cognitive-behavioural therapy and their combination in panic disorder with agoraphobia. The British journal of psychiatry : the journal of mental science 1999;174:205-12."
"42";"Marchand, 2008";"CBT";"TAU/NT";"ACQ";NA;1,85;2,12;0,7;0,68;32;29;"high";2008;"no";"face-to-face";14;"other";"adults";36,67;68,8;"mixed";"PD w/ A";122;100;"DSM-III";"no";"no";"yes";"yes";"CBT";"TAU/NT";"msd";"post";"Marchand_2008_CBT_TAU/NT_ACQ_NA_CBT_TAU/NT_msd_post";-0,385984134523504;0,258816002807347;NA;NA;NA;NA;NA;NA;"Marchand A, Coutu MF, Dupuis G, et al. Treatment of panic disorder with agoraphobia: randomized placebo-controlled trial of four psychosocial treatments combined with imipramine or placebo. Cognitive behaviour therapy 2008;37(3):146-59."
"43";"Marchand, 2008";"CT";"TAU/NT";"ACQ";NA;1,91;2,12;0,58;0,68;31;29;"high";2008;"no";"face-to-face";14;"other";"adults";36,67;68,8;"mixed";"PD w/ A";122;100;"DSM-III";"no";"no";"yes";"yes";"CT";"TAU/NT";"msd";"post";"Marchand_2008_CT_TAU/NT_ACQ_NA_CT_TAU/NT_msd_post";-0,328868639145944;0,260126864181392;NA;NA;NA;NA;NA;NA;"Marchand A, Coutu MF, Dupuis G, et al. Treatment of panic disorder with agoraphobia: randomized placebo-controlled trial of four psychosocial treatments combined with imipramine or placebo. Cognitive behaviour therapy 2008;37(3):146-59."
"44";"Marchand, 2008";"BT";"TAU/NT";"ACQ";NA;1,76;2,12;0,48;0,68;30;29;"high";2008;"no";"face-to-face";14;"other";"adults";36,67;68,8;"mixed";"PD w/ A";122;100;"DSM-III";"no";"no";"yes";"yes";"BT";"TAU/NT";"msd";"post";"Marchand_2008_BT_TAU/NT_ACQ_NA_BT_TAU/NT_msd_post";-0,605362082203428;0,266468489775134;NA;NA;NA;NA;NA;NA;"Marchand A, Coutu MF, Dupuis G, et al. Treatment of panic disorder with agoraphobia: randomized placebo-controlled trial of four psychosocial treatments combined with imipramine or placebo. Cognitive behaviour therapy 2008;37(3):146-59."
"45";"Martini, 2011";"PD";"SP";"CGI";16;2,19;1,89;0,91;0,74;16;19;"some concerns";2011;"yes";"face-to-face";15;"EU&UK";"adults";36;87;"community";"PD";35;NA;"DSM-III-TR";"yes";"yes";"no";"yes";NA;NA;"msd";"post";"Martini_2011_PD_SP_CGI_16_NA_NA_msd_post";0,356759769548746;0,342105332766066;NA;NA;NA;NA;NA;NA;"Martini B, Rosso G, Chiodelli DF, et al. Brief dynamic therapy combined with pharmacotherapy in the treatment of panic disorder with concurrent depressive symptoms. Clinical Neuropsychiatry 2011;8(3):204-11."
"46";"Meulenbeek, 2010";"CBT";"WL";"PDSS-SR";12;3,48;5,77;3,22;3,54;109;108;"low";2010;"no";"face-to-face";8;"EU&UK";"adults";42;71;"community";"PD";217;62;"other";"yes";"yes";"yes";"yes";NA;NA;"msd";"post";"Meulenbeek_2010_CBT_WL_PDSS-SR_12_NA_NA_msd_post";-0,674541644546541;0,139604206912295;NA;NA;NA;NA;NA;NA;"Meulenbeek P, Willemse G, Smit F, et al. Early intervention in panic: pragmatic randomised controlled trial. The British journal of psychiatry 2010;196(4):326-31."
"47";"Meuret, 2008";"PT";"WL";"PDSS";NA;0,69;1,95;0,45;0,67;24;19;"some concerns";2008;"no";"face-to-face";5;"other";"adults";41;55,8;"community";"PD";43;83,8;"DSM-III-TR";"yes";"no";"no";"yes";NA;NA;"msd";"post";"Meuret_2008_PT_WL_PDSS_NA_NA_NA_msd_post";-2,21895933663221;0,392069678892498;NA;NA;NA;NA;NA;NA;"Meuret AE, Wilhelm FH, Ritz T, Roth WT. Feedback of end-tidal pCO2 as a therapeutic approach for panic disorder. Journal of Psychiatric Research 2008;42(7):560–8."
"48";"Meyerbroeker, 2013";"BT";"WL";"PDSS";NA;1,3;1,82;0,79;0,74;20;15;"high";2013;"no";"face-to-face";10;"EU&UK";"adults";NA;NA;"mixed";"PD w/ A";55;100;"DSM-III-TR";"yes";"yes";"no";"yes";NA;NA;"msd";"post";"Meyerbroeker_2013_BT_WL_PDSS_NA_NA_NA_msd_post";-0,660558448420831;0,350992412135912;NA;NA;NA;NA;NA;NA;"Meyerbroeker K, Morina N, Kerkhof GA, et al. Virtual reality exposure therapy does not provide any additional value in agoraphobic patients: a randomized controlled trial. Psychotherapy and psychosomatics 2013;82(3):170-6."
"49";"Ninomiya, 2019";"3W";"WL";"MIA";8;1,72;2;0,57;0,57;8;6;"some concerns";2019;"no";"face-to-face";8;"other";"adults";NA;NA;"clinical";"PD";15;NA;"DSM-III-TR";"yes";"yes";"no";"yes";NA;NA;"msd";"post";"Ninomiya_2019_3W_WL_MIA_8_NA_NA_msd_post";-0,459873086972751;0,547982392952122;NA;NA;NA;NA;NA;NA;"Ninomiya, A., et al. (2019). ""Effectiveness of mindfulness-based cognitive therapy in patients with anxiety disorders in secondary-care settings: a randomized controlled trial."" Psychiatry and clinical neurosciences."
"50";"Nordin, 2010";"CBT";"WL";"PDSS";10;6;12,5;5;3,4;20;20;"some concerns";2010;"no";"self-help";10;"EU&UK";"adults";37,7;72,5;"community";"PD";40;60;"DSM-III-TR";"yes";"yes";"no";"yes";NA;NA;"msd";"post";"Nordin_2010_CBT_WL_PDSS_10_NA_NA_msd_post";-1,49008152144185;0,359013738361924;NA;NA;NA;NA;NA;NA;"Nordin S, Carlbring P, Cuijpers P, et al. Expanding the limits of bibliotherapy for panic disorder: randomized trial of self-help without support but with a clear deadline. Behavior therapy 2010;41(3):267-76."
"51";"Oromendia, 2016";"CBT";"WL";"PDSS-SR";8;8,87;13,13;3,13;4,5;52;25;"high";1997;"no";NA;8;"EU&UK";"adults";40,7;68,8;"community";"PD";77;NA;"DSM-III-TR";"yes";"yes";"no";"yes";NA;NA;"msd";"post";"Oromendia_2016_CBT_WL_PDSS-SR_8_NA_NA_msd_post";-1,16332530451262;0,261146765716284;NA;NA;NA;NA;NA;NA;"Oromendia P, Orrego J, Bonillo A, et al. Internet-based self-help treatment for panic disorder: a randomized controlled trial comparing mandatory versus optional complementary psychological support. Cognitive behaviour therapy 2016;45(4):270-86."
"52";"Ost, 2004";"CBT";"WL";"HAMA";NA;13,2;20,2;7,12;7,12;26;22;"some concerns";2004;"no";"face-to-face";14;"EU&UK";"adults";36,1;68,5;"community";"PD w/ A";73;100;"DSM-III-TR";"yes";"yes";"yes";"yes";"CBT";"WL";"msd";"post";"Ost_2004_CBT_WL_HAMA_NA_CBT_WL_msd_post";-0,967028918769571;0,306569055669271;NA;NA;NA;NA;NA;NA;"Ost LG, Thulin U, Ramnero J. Cognitive behavior therapy vs exposure in vivo in the treatment of panic disorder with agoraphobia (corrected from agrophobia). Behaviour research and therapy 2004;42(10):1105-27."
"53";"Ost, 2004";"BT";"WL";"HAMA";NA;14,4;20,2;7,12;7,12;25;22;"some concerns";2004;"no";"face-to-face";14;"EU&UK";"adults";36,1;68,5;"community";"PD w/ A";73;100;"DSM-III-TR";"yes";"yes";"yes";"yes";"BT";"WL";"msd";"post";"Ost_2004_BT_WL_HAMA_NA_BT_WL_msd_post";-0,800954114619296;0,304161061340155;NA;NA;NA;NA;NA;NA;"Ost LG, Thulin U, Ramnero J. Cognitive behavior therapy vs exposure in vivo in the treatment of panic disorder with agoraphobia (corrected from agrophobia). Behaviour research and therapy 2004;42(10):1105-27."
"54";"Petterson, 1996";"CBT";"TAU/NT";"ASI";NA;23,5;34,6;10,16;10,16;14;13;"high";1996;"no";"face-to-face";6;"other";"adults";37,8;63;"mixed";"PD";27;NA;"DSM-III";"yes";"no";"no";"yes";NA;NA;"msd";"post";"Petterson_1996_CBT_TAU/NT_ASI_NA_NA_NA_msd_post";-1,05941302791696;0,412862372216653;NA;NA;NA;NA;NA;NA;"Petterson K, Cesare S. Panic disorder: a cognitive behavioural approach to treatment. Counselling Psychology Quarterly 1996;9(2):191–201."
"55";"Pitti, 2015";"CBT";"TAU/NT";"ACQ";NA;24,84;29,56;7,45;9,63;39;32;"high";2015;"no";"face-to-face";11;"EU&UK";"adults";39;70;"clinical";"PD";86;100;"ICD-10";"yes";"no";"no";"yes";NA;NA;"msd";"post";"Pitti_2015_CBT_TAU/NT_ACQ_NA_NA_NA_msd_post";-0,549308601324115;0,243028983297745;NA;NA;NA;NA;NA;NA;"Pitti CT, Penate W, de la Fuente J, et al. The combined use of virtual reality exposure in the treatment of agoraphobia. Actas espanolas de psiquiatria 2015;43(4):133-41."
"56";"Rees, 2012";NA;"PE";"panic attack frequency";NA;NA;2,85;NA;3,09;NA;20;"high";2012;"no";"face-to-face";2;"other";"adults";37;67,5;"clinical";"PD w/ A";40;82,5;"DSM-IV";"yes";"no";"no";"no";NA;NA;"msd";"post";"Rees_2012_NA_PE_panicattackfrequency_NA_NA_NA_msd_post";NA;NA;NA;NA;NA;NA;NA;NA;"Rees CS, Richards JC, Smith LM. The efficacy of information-giving in cognitive-behavioural treatment for panic disorder. Behaviour Change 1999;16(3):175–81."
"57";"Rees, 2012";NA;"TAU/NT";"panic attack frequency";NA;NA;3,9;NA;3,09;NA;20;"high";2012;"no";"face-to-face";2;"other";"adults";37;67,5;"clinical";"PD w/ A";40;82,5;"DSM-IV";"yes";"no";"no";"no";NA;NA;"msd";"post";"Rees_2012_NA_TAU/NT_panicattackfrequency_NA_NA_NA_msd_post";NA;NA;NA;NA;NA;NA;NA;NA;"Rees CS, Richards JC, Smith LM. The efficacy of information-giving in cognitive-behavioural treatment for panic disorder. Behaviour Change 1999;16(3):175–81."
"58";"Reinecke, 2013";"CBT";"WL";"ACQ";1;2,3;2,6;0,7;0,6;14;14;"high";2013;"no";"face-to-face";1;"EU&UK";"adults";35,5;83,3;NA;"PD";28;92,5;"DSM-III-TR";"no";"no";"no";"yes";NA;NA;"msd";"post";"Reinecke_2013_CBT_WL_ACQ_1_NA_NA_msd_post";-0,446775721658663;0,382934270420114;NA;NA;NA;NA;NA;NA;"Reinecke A, Waldenmaier L, Cooper MJ, Harmer CJ. Changes in automatic threat processing precede and predict clinical changes with exposure-based cognitive-behavior therapy for panic disorder."
"59";"Richards, 2006";"CBT";"TAU/NT";"PDSS";8;8,21;16,78;5,05;4,8;23;9;"high";2006;"no";"self-help";6;"other";"adults";36,6;68,5;"community";"PD";32;78;"DSM-III-TR";"yes";"yes";"no";"yes";NA;NA;"msd";"post";"Richards_2006_CBT_TAU/NT_PDSS_8_NA_NA_msd_post";-1,67596546747199;0,448081755697358;NA;NA;NA;NA;NA;NA;"Richards JC, Klein B, Austin DW. Internet cognitive behavioural therapy for panic disorder: does the inclusion of stress management information improve end-state functioning? Clinical psychologist 2006;10(1):2‐15."
"60";"Roy-Byrne, 2005";"CBT";"TAU/NT";"ASI";12;23,11;28,94;10,16;10,16;119;113;"high";2005;"no";"face-to-face";4;"other";"adults";41,2;67;"clinical";"PD w/ A";232;100;"DSM-III-TR";"yes";"yes";"no";"yes";NA;NA;"msd";"post";"Roy-Byrne_2005_CBT_TAU/NT_ASI_12_NA_NA_msd_post";-0,571945712988271;0,134024432292513;NA;NA;NA;NA;NA;NA;"Roy-Byrne PP, Craske MG, Stein MB, et al. A randomized effectiveness trial of cognitive-behavioral therapy and medication for primary care panic disorder. Archives of general psychiatry 2005;62(3):290-8."
"61";"Roy-Byrne, 2010";"CBT";"TAU/NT";"BSI-12";24;-0,18;2,7;13,22;13,68;235;240;"low";2010;"no";"face-to-face";8;"other";"adults";NA;NA;"clinical";"PD w/o A";475;NA;"DSM-III-TR";"yes";"yes";"no";"yes";NA;NA;"msd";"post";"Roy-Byrne_2010_CBT_TAU/NT_BSI-12_24_NA_NA_msd_post";-0,213716821691044;0,0920337848334962;NA;NA;NA;NA;NA;NA;"Roy-Byrne, P., et al. (2010). ""Delivery of evidence-based treatment for multiple anxiety disorders in primary care: a randomized controlled trial."" Jama 303(19): 1921-1928."
"62";"Ruwaard, 2010";"CBT";"WL";"PDSS-SR";13;5,9;8,4;4,4;4,6;27;31;"some concerns";2010;"no";"self-help";7;"EU&UK";"adults";38;72;"community";"PD";58;NA;"DSM-III-TR";"yes";"yes";"yes";"yes";NA;NA;"msd";"post";"Ruwaard_2010_CBT_WL_PDSS-SR_13_NA_NA_msd_post";-0,547079171683924;0,268227670636386;NA;NA;NA;NA;NA;NA;"Ruwaard J, Broeksteeg J, Schrieken B, et al. Web-based therapist-assisted cognitive behavioral treatment of panic symptoms: a randomized controlled trial with a three-year follow-up. Journal of anxiety disorders 2010;24(4):387-96."
"63";"Schmidt, 1997a";"CBT";"WL";"FQ-Ago";9;2;14;9,99;9,99;20;9;"high";1997;"no";"face-to-face";12;"other";"adults";31,8;54;"clinical";"PD";37;58;"DSM-III-TR";"yes";"no";"yes";"yes";NA;NA;"msd";"post";"Schmidt_1997a_CBT_WL_FQ-Ago_9_NA_NA_msd_post";-1,16752266284977;0,431263755806832;NA;NA;NA;NA;NA;NA;"Schmidt NB, Staab JP, Trakowski JH, Jr., et al. Efficacy of a brief psychosocial treatment for panic disorder in an active duty sample: implications for military readiness. Military medicine 1997;162(2):123-9."
"64";"Schmidt, 1997b";"CBT";"WL";"ASI";12;11,28;31,4;9,8;4,2;34;12;"high";1997;"no";"face-to-face";12;"other";"adults";36;67;"clinical";"PD";54;NA;"DSM-III-TR";"yes";"no";"yes";"yes";NA;NA;"msd";"post";"Schmidt_1997b_CBT_WL_ASI_12_NA_NA_msd_post";-2,26181997626137;0,412684663894758;NA;NA;NA;NA;NA;NA;"Schmidt NB, Trakowski JH, Staab JP. Extinction of panicogenic effects of a 35% CO2 challenge in patients with panic disorder. Journal of Abnormal Psychology 1997; 106(4):630–8."
"65";"Sharp, 1997";"CBT";"PL";"GHQ";12;3,97;19,39;6,43;20,25;30;28;"high";1997;"no";"face-to-face";9;"EU&UK";"adults";37,4;77,1;"clinical";"PD";87;NA;"DSM-IV";"yes";"no";"no";"yes";NA;NA;"msd";"post";"Sharp_1997_CBT_PL_GHQ_12_NA_NA_msd_post";-1,02768902794673;0,280004139218802;NA;NA;NA;NA;NA;NA;"Sharp DM, Power KG, Simpson RJ, et al. Global measures of outcome in a controlled comparison of pharmacological and psychological treatment of panic disorder and agoraphobia in primary care. The British journal of general practice 1997;47(416):150-5."
"66";"Sharp, 2004";"CBT";"WL";"FQ-Ago";21;7,99;14,2;9,3;11,4;51;19;"high";2004;"no";"face-to-face";8;"EU&UK";"adults";38,3;NA;"clinical";"PD";97;NA;"DSM-III-TR";"yes";"yes";"no";"yes";NA;NA;"msd";"post";"Sharp_2004_CBT_WL_FQ-Ago_21_NA_NA_msd_post";-0,62037063765677;0,27395311522533;NA;NA;NA;NA;NA;NA;"Sharp DM, Power KG, Swanson V. A comparison of the efficacy and acceptability of group versus individual cognitive behaviour therapy in the treatment of panic disorder and agoraphobia in primary care. Clinical Psychology and Psychotherapy 2004;11(2):73-82."
"67";"Shear, 2001";"CBT";"PL";"PDSS";NA;1,07;1,43;0,75;0,94;36;23;"some concerns";2001;"no";"face-to-face";12;"other";"adults";36,15;63,7;"mixed";"PD";113;NA;"DSM-III-TR";"no";"yes";"no";"yes";"CBT";"PL";"msd";"post";"Shear_2001_CBT_PL_PDSS_NA_CBT_PL_msd_post";-0,428771074464983;0,26991860952307;NA;NA;NA;NA;NA;NA;"Shear MK, Houck P, Greeno C, et al. Emotion-focused psychotherapy for patients with panic disorder. The American journal of psychiatry 2001;158(12):1993-8."
"68";"Shear, 2001";"3W";"PL";"PDSS";NA;1,39;1,43;0,84;0,94;30;23;"some concerns";2001;"no";"face-to-face";12;"other";"adults";36,15;63,7;"mixed";"PD";113;NA;"DSM-III-TR";"no";"yes";"no";"yes";"3W";"PL";"msd";"post";"Shear_2001_3W_PL_PDSS_NA_3W_PL_msd_post";-0,0445537108307062;0,277183850442383;NA;NA;NA;NA;NA;NA;"Shear MK, Houck P, Greeno C, et al. Emotion-focused psychotherapy for patients with panic disorder. The American journal of psychiatry 2001;158(12):1993-8."
"69";"Shear, 1994";"CBT";"SP";"ASI";NA;20,7;21,4;10,5;13,8;20;21;"high";2001;"no";"face-to-face";12;"other";"adults";34,7;NA;"unknown";"PD w/o A";66;92;"DSM-III";"no";"no";"yes";"no";NA;NA;"msd";"post";"Shear_1994_CBT_SP_ASI_NA_NA_NA_msd_post";-0,0557937574851835;0,312503637834534;NA;NA;NA;NA;NA;NA;"Shear MK, Pilkonis PA, Cloitre M, et al. Cognitive behavioral treatment compared with nonprescriptive treatment of panic disorder. Archives of general psychiatry 1994;51(5):395-401."
"70";"Silfvernagel, 2012";"CBT";"WL";"PDSS";10;6,39;13,79;4,97;5,49;29;28;"some concerns";2012;"no";"self-help";19;"EU&UK";"adults";32,4;65;"community";"PD";57;83;"DSM-III-TR";"yes";"yes";"no";"yes";NA;NA;"msd";"post";"Silfvernagel_2012_CBT_WL_PDSS_10_NA_NA_msd_post";-1,39506873367808;0,296220591559538;NA;NA;NA;NA;NA;NA;"Silfvernagel K, Carlbring P, Kabo J, et al. Individually tailored internet-based treatment for young adults and adults with panic attacks: randomized controlled trial. Journal of medical Internet research 2012;14(3):e65."
"71";"Swinson, 1995";"BT";"WL";"ASI";10;25,45;36,59;10,83;9,06;18;20;"high";1995;"no";"self-help";8;"other";"adults";40,5;88;"community";"PD w/ A";42;100;"DSM-III";"yes";"no";"no";"yes";NA;NA;"msd";"post";"Swinson_1995_BT_WL_ASI_10_NA_NA_msd_post";-1,09774204320239;0,349425423440026;NA;NA;NA;NA;NA;NA;"Swinson RP, Fergus KD, Cox BJ, et al. Efficacy of telephone-administered behavioral therapy for panic disorder with agoraphobia. Behaviour research and therapy 1995;33(4):465-9."
"72";"Swinson, 1992";"BT";"TAU/NT";"FQ";12;2,53;5,47;4,16;6,37;17;16;"high";1992;"no";"face-to-face";NA;"other";"adults";31,5;39,4;"clinical";"PD";33;40;"DSM-III";"yes";"no";"no";"no";NA;NA;"msd";"post";"Swinson_1992_BT_TAU/NT_FQ_12_NA_NA_msd_post";-0,536660289023531;0,354835374183496;NA;NA;NA;NA;NA;NA;"Swinson RP, Soulios C, Cox BJ, et al. Brief treatment of emergency room patients with panic attacks. The American journal of psychiatry 1992;149(7):944-6."
"73";"Telch, 1993";"CBT";"WL";"ASI";NA;13,94;32,03;8,52;10,96;34;33;"some concerns";1993;"no";"face-to-face";12;"other";"adults";34,6;73,1;"mixed";"PD";67;NA;"DSM-III";"yes";"no";"yes";"yes";NA;NA;"msd";"post";"Telch_1993_CBT_WL_ASI_NA_NA_NA_msd_post";-1,82500863252042;0,291815709299074;NA;NA;NA;NA;NA;NA;"Telch MJ, Lucas JA, Schmidt NB, et al. Group cognitive-behavioral treatment of panic disorder. Behaviour research and therapy 1993;31(3):279-87."
"74";"Titov, 2010";"CBT";"WL";"PDSS-SR";NA;7,7;15;3,97;6,72;10;11;"some concerns";2010;"no";"self-help";6;"other";"adults";NA;NA;"community";"PD";21;NA;"DSM-III-TR";"yes";"yes";"no";"yes";NA;NA;"msd";"post";"Titov_2010_CBT_WL_PDSS-SR_NA_NA_NA_msd_post";-1,25396488885147;0,481178497029481;NA;NA;NA;NA;NA;NA;"Titov, N., et al. (2010). ""Transdiagnostic Internet treatment for anxiety disorders: A randomized controlled trial."" Behav Res Ther 48(9): 890-899."
"75";"van Ballegooijen, 2013";"CBT";"WL";"PDSS-SR";12;5,8;7,3;4,9;4,9;63;63;"high";2013;"no";"self-help";6;"EU&UK";"adults";36,6;67,4;"community";"PD";126;63;"DSM-III-TR";"yes";"yes";"no";"yes";NA;NA;"msd";"post";"vanBallegooijen_2013_CBT_WL_PDSS-SR_12_NA_NA_msd_post";-0,304267161410018;0,17921467744076;NA;NA;NA;NA;NA;NA;"van Ballegooijen W, Riper H, Klein B, et al. An Internet-based guided self-help intervention for panic symptoms: randomized controlled trial. Journal of medical internet research 2013;15(7):e154."
"76";"Wiborg, 1996";"PD";"TAU/NT";"HAMA";NA;5,5;16;4,7;10;20;20;"some concerns";1996;"no";"face-to-face";13;"EU&UK";"adults";31,7;57,5;"mixed";"PD";40;80;"DSM-III";"yes";"no";"no";"yes";NA;NA;"msd";"post";"Wiborg_1996_PD_TAU/NT_HAMA_NA_NA_NA_msd_post";-1,31719179918073;0,350107924808683;NA;NA;NA;NA;NA;NA;"Wiborg IM, Dahl AA. Does brief dynamic psychotherapy reduce the relapse rate of panic disorder? Archives of general psychiatry 1996;53(8):689-94."
"77";"Williams, 1996";"CBT";"WL";"ACQ";NA;11;24;8;11;13;9;"high";1996;"no";"face-to-face";8;"other";"adults";38;87,5;"community";"PD";48;92;"DSM-III";"yes";"no";"yes";"yes";"CBT";"WL";"msd";"post";"Williams_1996_CBT_WL_ACQ_NA_CBT_WL_msd_post";-1,34236305459557;0,481958808165349;NA;NA;NA;NA;NA;NA;"Cognitive and performance-based treatments for panic attacks in people with varying degrees of agoraphobic disability. Behaviour Research and Therapy 1996;34(3):253–64."
"78";"Williams, 1996";"CT";"WL";"ACQ";NA;20;24;15;11;13;9;"high";1996;"no";"face-to-face";8;"other";"adults";38;87,5;"community";"PD";48;92;"DSM-III";"yes";"no";"yes";"yes";"CT";"WL";"msd";"post";"Williams_1996_CT_WL_ACQ_NA_CT_WL_msd_post";-0,284149454508399;0,435909323264072;NA;NA;NA;NA;NA;NA;"Cognitive and performance-based treatments for panic attacks in people with varying degrees of agoraphobic disability. Behaviour Research and Therapy 1996;34(3):253–64."
"79";"Williams, 1996";"BT";"WL";"ACQ";NA;8;24;8;11;12;9;"high";1996;"no";"face-to-face";8;"other";"adults";38;87,5;"community";"PD";48;92;"DSM-III";"yes";"no";"yes";"yes";"BT";"WL";"msd";"post";"Williams_1996_BT_WL_ACQ_NA_BT_WL_msd_post";-1,63738150161109;0,513525572594504;NA;NA;NA;NA;NA;NA;"Cognitive and performance-based treatments for panic attacks in people with varying degrees of agoraphobic disability. Behaviour Research and Therapy 1996;34(3):253–64."
"80";"Wims, 2010";"CBT";"WL";"PDSS";NA;12,14;15,56;5,74;5,77;29;25;"high";2010;"no";"self-help";6;"other";"adults";42;76;"community";"PD w/ A";59;100;"DSM-III-TR";"yes";"yes";"no";"yes";NA;NA;"msd";"post";"Wims_2010_CBT_WL_PDSS_NA_NA_NA_msd_post";-0,585768772269295;0,278843994353794;NA;NA;NA;NA;NA;NA;"Wims E, Titov N, Andrews G, et al. Clinician-assisted Internet-based treatment is effective for panic: A randomized controlled trial. The Australian and New Zealand journal of psychiatry 2010;44(7):599-607."
"81";"Wollburg, 2011";"PT";"WL";"ASI";4;20,3;29,4;11,39;12,6;47;27;"high";2011;"no";"face-to-face";5;"other";"adults";42;63,4;"community";"PD";74;NA;"DSM-III-TR";"yes";"no";"no";"yes";NA;NA;"msd";"post";"Wollburg_2011_PT_WL_ASI_4_NA_NA_msd_post";-0,760469027931795;0,249607979240835;NA;NA;NA;NA;NA;NA;"Wollburg E, Roth WT, Kim S. Effects of breathing training on voluntary hypo- and hyperventilation in patients with panic disorder and episodic anxiety. Applied Psychophysiology & Biofeedback 2011;36:81–91."
"82";"Zitrin, 1978";"BT";"SP";"global clinical judgment";NA;1,85;1,77;0,8;1,17;13;13;"high";1978;"no";"face-to-face";NA;"other";"adults";NA;NA;"clinical";"PD";33;NA;"other";"yes";"no";"no";"no";NA;NA;"msd";"post";"Zitrin_1978_BT_SP_globalclinicaljudgment_NA_NA_NA_msd_post";0,07730187845271;0,392388437015359;NA;NA;NA;NA;NA;NA;"Zitrin, C. M., et al. (1978). ""Behavior therapy, supportive psychotherapy, imipramine, and phobias."" Arch Gen Psychiatry 35(3): 307-316."
